[{
    "title": "Lucky Twins Wilds",
    "image": "https:\/\/files.sitestatic.net\/aurin_image\/demo_assets\/microgaming_slots\/BG_luckyTwinsWilds.jpg?v=0.2",
    "mixer": 2235,
    "links": {
        "play": "",
        "demo": ""
    }
}, {
    "title": "Ancient Fortunes : Poseidon Megaways\ufffd",
    "image": "https:\/\/files.sitestatic.net\/aurin_image\/demo_assets\/microgaming_slots\/BG_ancientFortunesPoseidonMegaways.jpg?v=0.2",
    "mixer": 2628,
    "links": {
        "play": "",
        "demo": ""
    }
}, {
    "title": "Ancient Fortunes: Zeus",
    "image": "https:\/\/files.sitestatic.net\/aurin_image\/demo_assets\/microgaming_slots\/BG_ancientFortunesZeus.jpg?v=0.2",
    "mixer": 2574,
    "links": {
        "play": "",
        "demo": ""
    }
}, {
    "title": "Candyland Blast",
    "image": "https:\/\/files.sitestatic.net\/aurin_image\/demo_assets\/microgaming_slots\/BG_CandylandBlast.jpg?v=0.2",
    "mixer": 2762,
    "links": {
        "play": "",
        "demo": ""
    }
}, {
    "title": "Starlite Fruits\u2122",
    "image": "https:\/\/files.sitestatic.net\/aurin_image\/demo_assets\/microgaming_slots\/BG_starliteFruits.jpg?v=0.2",
    "mixer": 1936,
    "links": {
        "play": "",
        "demo": ""
    }
}, {
    "title": "Break Away Deluxe",
    "image": "https:\/\/files.sitestatic.net\/aurin_image\/demo_assets\/microgaming_slots\/BG_breakAwayDeluxe.jpg?v=0.2",
    "mixer": 2544,
    "links": {
        "play": "",
        "demo": ""
    }
}, {
    "title": "Fishin&#039; Christmas Pots of Gold",
    "image": "https:\/\/files.sitestatic.net\/aurin_image\/demo_assets\/microgaming_slots\/BG_fishinChristmasPotsOfGold.jpg?v=0.2",
    "mixer": 2575,
    "links": {
        "play": "",
        "demo": ""
    }
}, {
    "title": "Masters of Valhalla",
    "image": "https:\/\/files.sitestatic.net\/aurin_image\/demo_assets\/microgaming_slots\/BG_mastersOfValhalla.jpg?v=0.2",
    "mixer": 2710,
    "links": {
        "play": "",
        "demo": ""
    }
}]