[{
    "title": "Lucky Neko",
    "image": "https:\/\/files.sitestatic.net\/SlotImages\/pgsoft\/luckyneko_.png",
    "mixer": 2369,
    "links": {
        "play": "",
        "demo": ""
    }
}, {
    "title": "Mahjong Ways 2",
    "image": "https:\/\/files.sitestatic.net\/SlotImages\/pgsoft\/mahjong-ways2.png",
    "mixer": 2787,
    "links": {
        "play": "",
        "demo": ""
    }
}, {
    "title": "Mahjong Ways",
    "image": "https:\/\/files.sitestatic.net\/SlotImages\/pgsoft\/mahjong-ways.png",
    "mixer": 2035,
    "links": {
        "play": "",
        "demo": ""
    }
}, {
    "title": "Wild Bandito",
    "image": "https:\/\/files.sitestatic.net\/SlotImages\/pgsoft\/wild-bandito190.png",
    "mixer": 2502,
    "links": {
        "play": "",
        "demo": ""
    }
}, {
    "title": "Wild Bounty Showdown",
    "image": "https:\/\/files.sitestatic.net\/SlotImages\/pgsoft\/Wild_Bounty_Showdown.png",
    "mixer": 2011,
    "links": {
        "play": "",
        "demo": ""
    }
}, {
    "title": "Dragon Tiger Luck",
    "image": "https:\/\/files.sitestatic.net\/SlotImages\/pgsoft\/dragon-tiger-luck.png",
    "mixer": 2103,
    "links": {
        "play": "",
        "demo": ""
    }
}, {
    "title": "Fortune Mouse",
    "image": "https:\/\/files.sitestatic.net\/SlotImages\/pgsoft\/fortune-mouse.png",
    "mixer": 2776,
    "links": {
        "play": "",
        "demo": ""
    }
}, {
    "title": "Hip Hop Panda",
    "image": "https:\/\/files.sitestatic.net\/SlotImages\/pgsoft\/HipHopPanda_Icon.png",
    "mixer": 2404,
    "links": {
        "play": "",
        "demo": ""
    }
},{
    "title": "Ganesha Gold",
    "image": "https:\/\/files.sitestatic.net\/SlotImages\/pgsoft\/GaneshaGold.png",
    "mixer": 2111,
    "links": {
        "play": "",
        "demo": ""
    }
}, {
    "title": "Treasures of Aztec",
    "image": "https:\/\/files.sitestatic.net\/SlotImages\/pgsoft\/treasures-of-aztec_icon.png",
    "mixer": 2530,
    "links": {
        "play": "",
        "demo": ""
    }
}]